pair_id,phash_distance,scope,path_a,path_b,label_a,label_b,same_label,already_reviewed,dataset_a,dataset_b,pixel_diff,decision
101,8,cross,data/plantvillage/raw/color/Apple___healthy/bd9222f6-b97a-4e5b-ac0f-ff320f5f7180___RS_HL 7630.JPG,data/pp2020/images/Train_471.jpg,healthy,scab,FALSE,FALSE,source,target,34.23046875,different
102,10,cross,data/plantvillage/raw/color/Apple___healthy/feb2c7d8-0cfd-4eb1-86d0-78a893dd8943___RS_HL 7866.JPG,data/pp2020/images/Train_1069.jpg,healthy,rust,FALSE,FALSE,source,target,40.69604492,different
103,6,source-source,data/plantvillage/raw/color/Apple___Apple_scab/08c42d78-aa7b-4106-b0c1-b260f898dcba___FREC_Scab 3151.JPG,data/plantvillage/raw/color/Apple___Apple_scab/ab7d0d06-b45c-4472-a708-c2a1d65ee748___FREC_Scab 3152.JPG,scab,scab,TRUE,FALSE,source,source,5.825683594,duplicate
104,6,target-target,data/pp2020/images/Train_616.jpg,data/pp2020/images/Train_966.jpg,healthy,healthy,TRUE,FALSE,target,target,5.878417969,duplicate
105,6,source-source,data/plantvillage/raw/color/Apple___Apple_scab/2dd8b8f8-46b0-4bc6-b817-ea7163f4b28b___FREC_Scab 3473.JPG,data/plantvillage/raw/color/Apple___Apple_scab/add9ce00-e304-4632-82f2-ddc86a6be5f6___FREC_Scab 3472.JPG,scab,scab,TRUE,FALSE,source,source,8.447021484,duplicate
106,6,target-target,data/pp2020/images/Train_115.jpg,data/pp2020/images/Train_1709.jpg,rust,rust,TRUE,FALSE,target,target,8.969482422,duplicate
107,6,source-source,data/plantvillage/raw/color/Apple___healthy/45ec1880-a9d2-4458-bd99-f0a6c01e54c4___RS_HL 6303.JPG,data/plantvillage/raw/color/Apple___healthy/e9f437d0-a209-461c-b071-5c8c13a2ed6a___RS_HL 6291.JPG,healthy,healthy,TRUE,FALSE,source,source,11.07958984,different
108,6,target-target,data/pp2020/images/Train_500.jpg,data/pp2020/images/Train_647.jpg,rust,rust,TRUE,FALSE,target,target,11.96557617,duplicate
109,6,source-source,data/plantvillage/raw/color/Apple___healthy/0460b7aa-4eb0-4c0b-80e5-055ced6684a3___RS_HL 6287.JPG,data/plantvillage/raw/color/Apple___healthy/ab23fdc9-8036-47f2-a32b-b3facb13fd5b___RS_HL 5947.JPG,healthy,healthy,TRUE,FALSE,source,source,12.41162109,different
110,6,source-source,data/plantvillage/raw/color/Apple___Apple_scab/9dac36c9-3c32-44be-8752-0f03666cbb76___FREC_Scab 3365.JPG,data/plantvillage/raw/color/Apple___Apple_scab/f7c4bd45-5098-4b2c-bbfb-2e47c8f2d711___FREC_Scab 3361.JPG,scab,scab,TRUE,FALSE,source,source,12.99682617,duplicate
111,6,source-source,data/plantvillage/raw/color/Apple___healthy/23307db5-ba40-498c-9b96-2c6b65f40c27___RS_HL 6096.JPG,data/plantvillage/raw/color/Apple___healthy/349251ed-2e99-4af9-b432-2a63202a0985___RS_HL 6120.JPG,healthy,healthy,TRUE,FALSE,source,source,13.66503906,different
112,6,source-source,data/plantvillage/raw/color/Apple___healthy/957b622a-4f30-459f-9dbb-97c3f4bde0d3___RS_HL 6150.JPG,data/plantvillage/raw/color/Apple___healthy/afac9fcd-ff8d-4ab8-9be2-c5649a59d6a0___RS_HL 6324.JPG,healthy,healthy,TRUE,FALSE,source,source,14.03051758,different
113,6,source-source,data/plantvillage/raw/color/Apple___healthy/1b9f5fe1-6d06-4ff6-a35d-3155f623e4fb___RS_HL 6228.JPG,data/plantvillage/raw/color/Apple___healthy/ab23fdc9-8036-47f2-a32b-b3facb13fd5b___RS_HL 5947.JPG,healthy,healthy,TRUE,FALSE,source,source,14.33691406,different
114,6,source-source,data/plantvillage/raw/color/Apple___healthy/274144ec-893c-43fb-ad9a-18f71ead2e58___RS_HL 5971.JPG,data/plantvillage/raw/color/Apple___healthy/fad6efb7-4486-4c45-8b23-1b6cf2a2912a___RS_HL 6077.JPG,healthy,healthy,TRUE,FALSE,source,source,14.49487305,different
115,6,source-source,data/plantvillage/raw/color/Apple___healthy/37b1cd89-582a-40ce-b2ec-6a635e1fea17___RS_HL 6151.JPG,data/plantvillage/raw/color/Apple___healthy/46c590f0-7e60-4ccd-af4e-45f911abf66a___RS_HL 6152.JPG,healthy,healthy,TRUE,FALSE,source,source,14.74560547,duplicate
116,6,source-source,data/plantvillage/raw/color/Apple___Cedar_apple_rust/bd0ead39-9628-46b3-9feb-c3496af0ae8b___FREC_C.Rust 0015.JPG,data/plantvillage/raw/color/Apple___Cedar_apple_rust/f6af5eb5-6338-48a2-8b23-c7143b7f4a62___FREC_C.Rust 0016.JPG,rust,rust,TRUE,FALSE,source,source,15.00805664,duplicate
117,6,source-source,data/plantvillage/raw/color/Apple___healthy/445d268a-415e-41d4-80de-0116fdaca73d___RS_HL 5982.JPG,data/plantvillage/raw/color/Apple___healthy/c86f1476-4e5c-4dbd-923d-a575bd03cd18___RS_HL 6210.JPG,healthy,healthy,TRUE,FALSE,source,source,15.14282227,different
118,6,source-source,data/plantvillage/raw/color/Apple___healthy/37b9da4a-2823-48fb-ba35-4138a44acf53___RS_HL 5954.JPG,data/plantvillage/raw/color/Apple___healthy/a01b22a2-292a-485e-ad7d-ee14de31506c___RS_HL 6102.JPG,healthy,healthy,TRUE,FALSE,source,source,15.90698242,different
119,6,source-source,data/plantvillage/raw/color/Apple___healthy/1617e81b-190b-41e8-b258-cf432f65b7ab___RS_HL 6058.JPG,data/plantvillage/raw/color/Apple___healthy/5a0aa782-76a8-4de9-89e9-47cb35d222e3___RS_HL 6310.JPG,healthy,healthy,TRUE,FALSE,source,source,16.95336914,different
120,6,source-source,data/plantvillage/raw/color/Apple___healthy/10f68987-caf7-4e29-aa26-b48e074212f4___RS_HL 6130.JPG,data/plantvillage/raw/color/Apple___healthy/f85e6b2c-e4b2-42fe-99db-9583b58bb51b___RS_HL 6112.JPG,healthy,healthy,TRUE,FALSE,source,source,17.04003906,different
121,6,source-source,data/plantvillage/raw/color/Apple___healthy/0d3fa72f-0441-45e8-b30f-a83904f48f99___RS_HL 6261.JPG,data/plantvillage/raw/color/Apple___healthy/84ed8ffd-a47f-4b52-befa-938a10012a4c___RS_HL 6135.JPG,healthy,healthy,TRUE,FALSE,source,source,17.64892578,different
122,6,source-source,data/plantvillage/raw/color/Apple___healthy/1617e81b-190b-41e8-b258-cf432f65b7ab___RS_HL 6058.JPG,data/plantvillage/raw/color/Apple___healthy/dc456961-360a-419b-abb7-b3de3963742a___RS_HL 6055.JPG,healthy,healthy,TRUE,FALSE,source,source,18.84545898,different
123,6,source-source,data/plantvillage/raw/color/Apple___healthy/51cb81e8-dd15-40cd-b4f2-5287379dfe74___RS_HL 6104.JPG,data/plantvillage/raw/color/Apple___healthy/85ebf3f6-11f4-45df-ac16-bd04b355cb31___RS_HL 5991.JPG,healthy,healthy,TRUE,FALSE,source,source,19.15698242,different
124,6,source-source,data/plantvillage/raw/color/Apple___healthy/4023916c-9823-4410-bd89-b8bfe1b0b456___RS_HL 6009.JPG,data/plantvillage/raw/color/Apple___healthy/74bda678-63b6-44fb-8e8f-259788239618___RS_HL 5830.JPG,healthy,healthy,TRUE,FALSE,source,source,20.38623047,different
125,6,source-source,data/plantvillage/raw/color/Apple___healthy/2a986e85-7e83-443a-871e-c590d5a25845___RS_HL 6000.JPG,data/plantvillage/raw/color/Apple___healthy/a63295f1-8032-4db2-b0d7-4e51f6e30bad___RS_HL 6089.JPG,healthy,healthy,TRUE,FALSE,source,source,20.65063477,different
126,6,source-source,data/plantvillage/raw/color/Apple___healthy/13cdbdbe-be7f-463c-9085-9ae160412772___RS_HL 6286.JPG,data/plantvillage/raw/color/Apple___healthy/f2cda910-55c7-46d7-b1a2-9a3bb9792148___RS_HL 6274.JPG,healthy,healthy,TRUE,FALSE,source,source,21.65600586,different
127,6,source-source,data/plantvillage/raw/color/Apple___healthy/13cdbdbe-be7f-463c-9085-9ae160412772___RS_HL 6286.JPG,data/plantvillage/raw/color/Apple___healthy/fdbfa6f7-f887-442d-8df1-1f0cf839fc4d___RS_HL 6274.JPG,healthy,healthy,TRUE,FALSE,source,source,21.65600586,different
128,6,source-source,data/plantvillage/raw/color/Apple___healthy/89ce10db-057c-4c03-9324-b512db8ca3d6___RS_HL 5797.JPG,data/plantvillage/raw/color/Apple___healthy/d6590bcb-cb7e-47c9-beb0-80785efb4046___RS_HL 6234.JPG,healthy,healthy,TRUE,FALSE,source,source,21.75341797,different
129,6,source-source,data/plantvillage/raw/color/Apple___healthy/1a0ddafd-c52e-4ea1-ab34-a302cdc27be1___RS_HL 5785.JPG,data/plantvillage/raw/color/Apple___healthy/3c047601-ed4d-4178-8bed-33a65e5f4b6d___RS_HL 6001.JPG,healthy,healthy,TRUE,FALSE,source,source,22.24853516,different
130,6,source-source,data/plantvillage/raw/color/Apple___Apple_scab/b4b9c80a-f741-416d-a7e6-6d9566ea731e___FREC_Scab 3399.JPG,data/plantvillage/raw/color/Apple___healthy/a63295f1-8032-4db2-b0d7-4e51f6e30bad___RS_HL 6089.JPG,scab,healthy,FALSE,FALSE,source,source,22.69482422,different
131,6,source-source,data/plantvillage/raw/color/Apple___healthy/375f1e44-235c-4ef0-a156-077b71abeed3___RS_HL 8162.JPG,data/plantvillage/raw/color/Apple___healthy/82d55fb4-a8df-439a-9935-5e5f72b05383___RS_HL 6107.JPG,healthy,healthy,TRUE,FALSE,source,source,23.05004883,different
132,6,source-source,data/plantvillage/raw/color/Apple___healthy/82d55fb4-a8df-439a-9935-5e5f72b05383___RS_HL 6107.JPG,data/plantvillage/raw/color/Apple___healthy/abc9f5f6-ea98-46c0-8df7-2986969318bf___RS_HL 5928.JPG,healthy,healthy,TRUE,FALSE,source,source,23.89916992,different
133,6,source-source,data/plantvillage/raw/color/Apple___healthy/0181db4e-718e-41bc-b6ed-92863471fa85___RS_HL 5941.JPG,data/plantvillage/raw/color/Apple___healthy/2301f2bb-7972-4fb8-8be6-246ce55ca3b6___RS_HL 6100.JPG,healthy,healthy,TRUE,FALSE,source,source,24.28686523,different
134,6,source-source,data/plantvillage/raw/color/Apple___healthy/4aa3b2bb-1bd4-410a-bf6b-09862798bf88___RS_HL 6148.JPG,data/plantvillage/raw/color/Apple___healthy/5941b857-a525-4aff-ba20-def608d63c4d___RS_HL 6119.JPG,healthy,healthy,TRUE,FALSE,source,source,24.34643555,different
135,6,source-source,data/plantvillage/raw/color/Apple___healthy/a8d012ca-b1ac-45b6-b8fa-44257fd4605f___RS_HL 5824.JPG,data/plantvillage/raw/color/Apple___healthy/fdd77f89-e3b1-4492-9da3-f46bbc8666d9___RS_HL 6219.JPG,healthy,healthy,TRUE,FALSE,source,source,25.8034668,different
136,6,source-source,data/plantvillage/raw/color/Apple___healthy/6d276438-7f26-4b65-b425-a18ce241ab04___RS_HL 6050.JPG,data/plantvillage/raw/color/Apple___healthy/75b7a5bc-e419-4312-b5d9-6c3446a24ef4___RS_HL 6079.JPG,healthy,healthy,TRUE,FALSE,source,source,27.26147461,different
137,6,source-source,data/plantvillage/raw/color/Apple___healthy/1d7c71d2-fac0-4ee6-8def-765282cb744c___RS_HL 5758.JPG,data/plantvillage/raw/color/Apple___healthy/ce9a3738-55ea-4974-8539-922ed4f864b8___RS_HL 6175.JPG,healthy,healthy,TRUE,FALSE,source,source,29.7734375,different
138,6,source-source,data/plantvillage/raw/color/Apple___healthy/1497c20f-448a-48e2-9cf0-b4fc8cfa848a___RS_HL 6292.JPG,data/plantvillage/raw/color/Apple___healthy/5c74b103-09f2-48ae-bbdd-7aa9aaf929cc___RS_HL 5649.JPG,healthy,healthy,TRUE,FALSE,source,source,30.03515625,different
139,6,source-source,data/plantvillage/raw/color/Apple___healthy/0d072074-0253-4a6b-a4cb-02f520c46942___RS_HL 5805.JPG,data/plantvillage/raw/color/Apple___healthy/36c00bef-25c2-48ae-9505-41827bcd83d8___RS_HL 6085.JPG,healthy,healthy,TRUE,FALSE,source,source,30.23901367,different
140,6,source-source,data/plantvillage/raw/color/Apple___healthy/4aa3b2bb-1bd4-410a-bf6b-09862798bf88___RS_HL 6148.JPG,data/plantvillage/raw/color/Apple___healthy/ad772bfa-6845-4104-8d94-8d3a2adb67c2___RS_HL 6149.JPG,healthy,healthy,TRUE,FALSE,source,source,31.72070313,duplicate
141,6,source-source,data/plantvillage/raw/color/Apple___healthy/89ce10db-057c-4c03-9324-b512db8ca3d6___RS_HL 5797.JPG,data/plantvillage/raw/color/Apple___healthy/d2fc2f4e-9094-4e38-bc7a-f40c5c059280___RS_HL 8170.JPG,healthy,healthy,TRUE,FALSE,source,source,32.05175781,different
142,6,source-source,data/plantvillage/raw/color/Apple___healthy/2074d81b-88ad-40f7-9e7a-cd24c2435ea9___RS_HL 5804.JPG,data/plantvillage/raw/color/Apple___healthy/336a5bb9-179f-44fb-a4d1-c59a40d90306___RS_HL 5978.JPG,healthy,healthy,TRUE,FALSE,source,source,34.02539063,different
143,6,source-source,data/plantvillage/raw/color/Apple___healthy/0c056dd8-2040-48cf-a9a8-53d8ae5662d0___RS_HL 7987.JPG,data/plantvillage/raw/color/Apple___healthy/4c368acb-0a47-4c7f-84bd-29dc74660db9___RS_HL 5800.JPG,healthy,healthy,TRUE,FALSE,source,source,35.14135742,different
144,6,source-source,data/plantvillage/raw/color/Apple___healthy/3b0f637d-dd22-44a0-a4b4-2a7792e2ac76___RS_HL 7258.JPG,data/plantvillage/raw/color/Apple___healthy/3c047601-ed4d-4178-8bed-33a65e5f4b6d___RS_HL 6001.JPG,healthy,healthy,TRUE,FALSE,source,source,50.22485352,different
