phase,epoch,train_loss,val_loss,val_accuracy,val_macro_f1,best_so_far,seconds
A,1,0.80788,0.5436,0.94118,0.90186,True,7.2
A,2,0.45607,0.36384,0.9451,0.91575,True,6.0
A,3,0.33327,0.27192,0.96863,0.95735,True,6.4
A,4,0.27312,0.22114,0.98039,0.97694,True,6.4
A,5,0.21557,0.21333,0.96863,0.95152,True,5.9
A,6,0.19623,0.17728,0.97255,0.96002,True,5.5
A,7,0.18164,0.15591,0.98824,0.98412,True,5.8
A,8,0.16235,0.14331,0.98431,0.97588,True,5.8
A,9,0.14781,0.12849,0.99216,0.99268,True,6.3
A,10,0.13546,0.12421,0.99216,0.99268,True,5.7
A,11,0.12839,0.11322,0.99216,0.99268,True,5.6
A,12,0.12462,0.10254,0.99216,0.99268,True,5.6
B,1,0.09302,0.04746,0.99608,0.99149,True,6.1
B,2,0.07297,0.03533,0.99608,0.99636,True,5.6
B,3,0.05552,0.03072,0.99608,0.99149,False,6.0
B,4,0.03958,0.0209,1.0,1.0,True,5.1
B,5,0.0375,0.03562,0.99608,0.99149,False,5.3
B,6,0.02828,0.01792,1.0,1.0,False,5.4
B,7,0.03248,0.01265,1.0,1.0,False,5.9
B,8,0.02338,0.01738,1.0,1.0,False,6.0
B,9,0.02173,0.01047,1.0,1.0,False,5.2
