group_id,size,label,subset,reasons,paths
g0021,2,scab,s_train,sweep_review pair 103 (duplicate),data/plantvillage/raw/color/Apple___Apple_scab/08c42d78-aa7b-4106-b0c1-b260f898dcba___FREC_Scab 3151.JPG;data/plantvillage/raw/color/Apple___Apple_scab/ab7d0d06-b45c-4472-a708-c2a1d65ee748___FREC_Scab 3152.JPG
g0108,2,scab,s_train,sweep_review pair 105 (duplicate),data/plantvillage/raw/color/Apple___Apple_scab/2dd8b8f8-46b0-4bc6-b817-ea7163f4b28b___FREC_Scab 3473.JPG;data/plantvillage/raw/color/Apple___Apple_scab/add9ce00-e304-4632-82f2-ddc86a6be5f6___FREC_Scab 3472.JPG
g0385,2,scab,s_train,sweep_review pair 110 (duplicate),data/plantvillage/raw/color/Apple___Apple_scab/9dac36c9-3c32-44be-8752-0f03666cbb76___FREC_Scab 3365.JPG;data/plantvillage/raw/color/Apple___Apple_scab/f7c4bd45-5098-4b2c-bbfb-2e47c8f2d711___FREC_Scab 3361.JPG
g0832,2,rust,s_train,sweep_review pair 116 (duplicate),data/plantvillage/raw/color/Apple___Cedar_apple_rust/bd0ead39-9628-46b3-9feb-c3496af0ae8b___FREC_C.Rust 0015.JPG;data/plantvillage/raw/color/Apple___Cedar_apple_rust/f6af5eb5-6338-48a2-8b23-c7143b7f4a62___FREC_C.Rust 0016.JPG
g1020,2,healthy,s_train,exact SHA-256 copy,data/plantvillage/raw/color/Apple___healthy/11beda66-01e9-4bfd-be37-c0f8646d1478___RS_HL 6271.JPG;data/plantvillage/raw/color/Apple___healthy/13298d36-4425-437d-ae8e-c7d70e200084___RS_HL 6271.JPG
g1049,2,healthy,s_train,exact SHA-256 copy,data/plantvillage/raw/color/Apple___healthy/14896dc0-688d-456f-b5ec-a037695b0193___RS_HL 6268.JPG;data/plantvillage/raw/color/Apple___healthy/c21cf428-bfc3-4710-b5d2-69d1c0e94748___RS_HL 6268.JPG
g1098,2,healthy,s_train,exact SHA-256 copy,data/plantvillage/raw/color/Apple___healthy/1ab5e019-e5f0-4d8e-a252-94cb0aab8b0a___RS_HL 6269.JPG;data/plantvillage/raw/color/Apple___healthy/3673d121-b5de-481c-b057-d4ee5b4959b1___RS_HL 6269.JPG
g1295,2,healthy,s_train,sweep_review pair 115 (duplicate),data/plantvillage/raw/color/Apple___healthy/37b1cd89-582a-40ce-b2ec-6a635e1fea17___RS_HL 6151.JPG;data/plantvillage/raw/color/Apple___healthy/46c590f0-7e60-4ccd-af4e-45f911abf66a___RS_HL 6152.JPG
g1339,2,healthy,s_train,exact SHA-256 copy,data/plantvillage/raw/color/Apple___healthy/3d075f90-7002-4c45-abc0-4f35ee49aa79___RS_HL 6272.JPG;data/plantvillage/raw/color/Apple___healthy/acb21cc2-8d65-4880-a7bb-dcc1eab1564b___RS_HL 6272.JPG
g1415,2,healthy,s_train,sweep_review pair 140 (duplicate),data/plantvillage/raw/color/Apple___healthy/4aa3b2bb-1bd4-410a-bf6b-09862798bf88___RS_HL 6148.JPG;data/plantvillage/raw/color/Apple___healthy/ad772bfa-6845-4104-8d94-8d3a2adb67c2___RS_HL 6149.JPG
g1465,2,healthy,s_train,exact SHA-256 copy,data/plantvillage/raw/color/Apple___healthy/5192db55-4aa7-421c-92d4-c2dac79e7379___RS_HL 6273.JPG;data/plantvillage/raw/color/Apple___healthy/9b75de13-d4b0-4b3f-988c-3e9926eef957___RS_HL 6273.JPG
g2230,2,healthy,s_train,exact SHA-256 copy,data/plantvillage/raw/color/Apple___healthy/ced4e27a-5eff-4190-a33a-cdc3d84c811e___RS_HL 6270.JPG;data/plantvillage/raw/color/Apple___healthy/dc18b924-f172-445d-8fed-61445d437aaa___RS_HL 6270.JPG
g2459,2,healthy,s_train,exact SHA-256 copy,data/plantvillage/raw/color/Apple___healthy/f2cda910-55c7-46d7-b1a2-9a3bb9792148___RS_HL 6274.JPG;data/plantvillage/raw/color/Apple___healthy/fdbfa6f7-f887-442d-8df1-1f0cf839fc4d___RS_HL 6274.JPG
